"id","checkpoint","workstream","title","catalog_status","catalog_readiness","start_wave","end_wave","hard_prerequisites","unfinished_prerequisites","unfinished_external_prerequisites","hard_milestone","hard_contract","decision_owner","closure_evidence_gates","release_boundaries","sequence_rules","related_consumes","overall_done_target","source_revision","axis_unit"
"326","PC07","Split-fleet privacy and scouting","Resolve Comms Officer scouting.","done","done","1","1","321;280;177","","","none","none","none","none","none","none","none","605","7a7f37bcfe8d8e0d830c3de37981e6b720a137ea","dependency_wave"
"336","PC07","Split-fleet privacy and scouting","Create a split after partial arrival.","done","done","1","1","285;286;294","","","none","none","none","none","none","none","none","605","7a7f37bcfe8d8e0d830c3de37981e6b720a137ea","dependency_wave"
"153","PC07","Split-fleet privacy and scouting","Constrain cross-group docking.","done","done","2","2","143;336","","","none","none","none","none","none","none","none","605","7a7f37bcfe8d8e0d830c3de37981e6b720a137ea","dependency_wave"
"337","PC07","Split-fleet privacy and scouting","Project a group-local roster.","done","done","1","1","286;006","","","none","none","none","none","none","none","none","605","7a7f37bcfe8d8e0d830c3de37981e6b720a137ea","dependency_wave"
"338","PC07","Split-fleet privacy and scouting","Deny cross-group position reads.","done","done","2","2","337","","","none","none","none","none","none","none","none","605","7a7f37bcfe8d8e0d830c3de37981e6b720a137ea","dependency_wave"
"152","PC07","Split-fleet privacy and scouting","Redact split-fleet shuttle state.","done","done","3","3","337;338","","","none","none","none","none","none","none","none","605","7a7f37bcfe8d8e0d830c3de37981e6b720a137ea","dependency_wave"
"339","PC07","Split-fleet privacy and scouting","Deny cross-group communications.","done","done","2","2","337","","","none","none","none","none","none","none","none","605","7a7f37bcfe8d8e0d830c3de37981e6b720a137ea","dependency_wave"
"340","PC07","Split-fleet privacy and scouting","Permit local Coordination communication.","done","done","3","3","337;339","","","none","none","none","none","none","none","none","605","7a7f37bcfe8d8e0d830c3de37981e6b720a137ea","dependency_wave"
"341","PC07","Split-fleet privacy and scouting","Keep Team actions group-local.","done","done","2","2","337;099","","","none","none","none","none","none","none","none","605","7a7f37bcfe8d8e0d830c3de37981e6b720a137ea","dependency_wave"
"342","PC07","Split-fleet privacy and scouting","Scope jump announcements by audience.","done","done","2","2","336;337","","","none","none","none","none","none","none","none","605","7a7f37bcfe8d8e0d830c3de37981e6b720a137ea","dependency_wave"
"343","PC07","Scout taxi, rejoin and split proof","Ferry up to two players by scout taxi.","done","done","2","2","321;336","","","none","none","none","none","none","none","none","605","7a7f37bcfe8d8e0d830c3de37981e6b720a137ea","dependency_wave"
"344","PC07","Scout taxi, rejoin and split proof","Ferry up to two fuel by scout taxi.","done","done","3","3","343","","","none","none","none","none","none","none","none","605","7a7f37bcfe8d8e0d830c3de37981e6b720a137ea","dependency_wave"
"345","PC07","Scout taxi, rejoin and split proof","Deny out-of-range taxi trips.","done","done","3","3","343","","","none","none","none","none","none","none","none","605","7a7f37bcfe8d8e0d830c3de37981e6b720a137ea","dependency_wave"
"346","PC07","Scout taxi, rejoin and split proof","Validate group rejoin eligibility.","done","done","2","2","285;336","","","none","none","none","none","none","none","none","605","7a7f37bcfe8d8e0d830c3de37981e6b720a137ea","dependency_wave"
"347","PC07","Scout taxi, rejoin and split proof","Merge rejoined membership.","done","done","3","3","346","","","none","none","none","none","none","none","none","605","7a7f37bcfe8d8e0d830c3de37981e6b720a137ea","dependency_wave"
"348","PC07","Scout taxi, rejoin and split proof","Resolve rejoined pursuit.","done","done","1","1","","","","none","none","none","none","none","none","none","605","7a7f37bcfe8d8e0d830c3de37981e6b720a137ea","dependency_wave"
"349","PC07","Scout taxi, rejoin and split proof","Restore communication after commit.","done","done","4","4","339;347","","","none","none","none","none","none","none","none","605","7a7f37bcfe8d8e0d830c3de37981e6b720a137ea","dependency_wave"
"350","PC07","Scout taxi, rejoin and split proof","Make split/rejoin retries safe.","done","done","4","4","346;347","","","none","none","none","none","none","none","none","605","7a7f37bcfe8d8e0d830c3de37981e6b720a137ea","dependency_wave"
"424","PC07","Scout taxi, rejoin and split proof","Run the split-fleet exploration scenario.","done","done","4","4","336;337;328;347;338;339;343;401;409;307","","","none","none","none","none","none","none","none","605","7a7f37bcfe8d8e0d830c3de37981e6b720a137ea","dependency_wave"
"678","PC07","Split-fleet privacy and scouting","Transmit scanned system details to all fleet ships or selected ships.","done","done","4","4","328;339;340;677","","","none","none","none","none","none","none","330;331","605","7a7f37bcfe8d8e0d830c3de37981e6b720a137ea","dependency_wave"
"643","PC07","Scout taxi, rejoin and split proof","Run a complete split-fleet playthrough.","done","done","5","5","424","","","none","none","none","none","none","none","none","605","7a7f37bcfe8d8e0d830c3de37981e6b720a137ea","dependency_wave"
"140","PC07","Airspace, maintenance and recovery","Run the all-vessel maintenance matrix.","done","done","1","1","114;171;183;194;204;216;224;235;241;242;246;250;571","","","none","none","none","none","none","none","none","605","7a7f37bcfe8d8e0d830c3de37981e6b720a137ea","dependency_wave"
"154","PC07","Airspace, maintenance and recovery","Model airspace transitions.","done","done","2","2","142;141;145;149;336;414","","","none","none","none","none","none","none","none","605","7a7f37bcfe8d8e0d830c3de37981e6b720a137ea","dependency_wave"
"155","PC07","Airspace, maintenance and recovery","Announce airspace status truthfully.","done","done","3","3","154","","","none","none","none","none","none","none","none","605","7a7f37bcfe8d8e0d830c3de37981e6b720a137ea","dependency_wave"
"156","PC07","Airspace, maintenance and recovery","Reopen movement authoritatively.","done","done","3","3","154","","","none","none","none","none","none","none","none","605","7a7f37bcfe8d8e0d830c3de37981e6b720a137ea","dependency_wave"
"158","PC07","Airspace, maintenance and recovery","Reconnect during restricted airspace.","done","done","3","3","154","","","none","none","none","none","none","none","none","605","7a7f37bcfe8d8e0d830c3de37981e6b720a137ea","dependency_wave"
"103a","PC07","Airspace, maintenance and recovery","Hold the airspace deadline behind turn-advance interstitials.","done","done","4","4","091;092;093;094;095;096;098;101;102;103;106b;108;109;154;155;156;157;158","","","none","none","none","none","none","none","none","605","7a7f37bcfe8d8e0d830c3de37981e6b720a137ea","dependency_wave"
"159","PC07","Airspace, maintenance and recovery","Run the start-to-airspace scenario.","done","done","4","4","140;145;156;373","","","none","none","none","none","none","none","none","605","7a7f37bcfe8d8e0d830c3de37981e6b720a137ea","dependency_wave"
"428","PC07","Attack authority and targeting","Centralize combat math and randomness.","done","done","1","1","425;426","","","none","none","none","none","none","WOLF-ATTACK","none","605","7a7f37bcfe8d8e0d830c3de37981e6b720a137ea","dependency_wave"
"431","PC07","Attack authority and targeting","Resolve target-number wraparound.","done","done","2","2","425;428","","","none","none","none","none","none","none","none","605","7a7f37bcfe8d8e0d830c3de37981e6b720a137ea","dependency_wave"
"432","PC07","Attack authority and targeting","Declare the attack atomically.","done","done","2","2","427;428","","","none","none","none","none","none","WOLF-ATTACK","146;373;429;430","605","7a7f37bcfe8d8e0d830c3de37981e6b720a137ea","dependency_wave"
"432a","PC07","Attack authority and targeting","Operate the attack from the GM console.","done","done","3","3","432","","","none","none","none","none","none","WOLF-ATTACK","none","605","7a7f37bcfe8d8e0d830c3de37981e6b720a137ea","dependency_wave"
"433","PC07","Attack authority and targeting","Project attack state by audience.","done","done","3","3","432","","","none","none","none","none","none","WOLF-ATTACK","none","605","7a7f37bcfe8d8e0d830c3de37981e6b720a137ea","dependency_wave"
"433a","PC07","Attack authority and targeting","Publish a stable DRADIS-ready attack contract.","done","done","4","4","432;433","","","none","none","none","none","none","WOLF-ATTACK;ATTACK-DRADIS","none","605","7a7f37bcfe8d8e0d830c3de37981e6b720a137ea","dependency_wave"
"433b","PC07","Attack authority and targeting","Resolve choices in affected player consoles.","done","done","4","4","433","","","none","none","none","none","none","WOLF-ATTACK","none","605","7a7f37bcfe8d8e0d830c3de37981e6b720a137ea","dependency_wave"
"434","PC07","Attack authority and targeting","Make attack commands retry-safe.","done","done","3","3","432","","","none","none","none","none","none","WOLF-ATTACK","none","605","7a7f37bcfe8d8e0d830c3de37981e6b720a137ea","dependency_wave"
"434a","PC07","Attack authority and targeting","Intervene and recover safely during an attack.","done","done","4","4","432a;434","","","none","none","none","none","none","WOLF-ATTACK","none","605","7a7f37bcfe8d8e0d830c3de37981e6b720a137ea","dependency_wave"
"435","PC07","Attack authority and targeting","Resolve Wolf Commander target rerolls.","done","done","3","3","432;515","","","none","none","none","none","none","WOLF-ATTACK","none","605","7a7f37bcfe8d8e0d830c3de37981e6b720a137ea","dependency_wave"
"436","PC07","Attack authority and targeting","Resolve AEGIS Command and Control.","done","done","1","1","","","","none","none","none","none","none","WOLF-ATTACK","435","605","7a7f37bcfe8d8e0d830c3de37981e6b720a137ea","dependency_wave"
"437","PC07","Attack authority and targeting","Lock Gorgoneion Force Field timing.","done","done","2","2","426;428;240","","","none","none","none","none","none","WOLF-ATTACK","none","605","7a7f37bcfe8d8e0d830c3de37981e6b720a137ea","dependency_wave"
"438","PC07","Attack ranges and results","Resolve Long Range simultaneously.","done","done","3","3","432;428","","","none","none","none","none","none","WOLF-ATTACK","none","605","7a7f37bcfe8d8e0d830c3de37981e6b720a137ea","dependency_wave"
"439","PC07","Attack ranges and results","Resolve Medium Range simultaneously.","done","done","3","3","432;428","","","none","none","none","none","none","WOLF-ATTACK","none","605","7a7f37bcfe8d8e0d830c3de37981e6b720a137ea","dependency_wave"
"440","PC07","Attack ranges and results","Resolve Short Range simultaneously.","done","done","3","3","432;428","","","none","none","none","none","none","WOLF-ATTACK","none","605","7a7f37bcfe8d8e0d830c3de37981e6b720a137ea","dependency_wave"
"441","PC07","Attack ranges and results","Enforce the five-step attack order.","done","done","4","4","438;439;440","","","none","none","none","none","none","WOLF-ATTACK","none","605","7a7f37bcfe8d8e0d830c3de37981e6b720a137ea","dependency_wave"
"442","PC07","Attack ranges and results","Apply range-specific destruction effects.","done","done","4","4","438;439;440;130","","","none","none","none","none","none","WOLF-ATTACK","none","605","7a7f37bcfe8d8e0d830c3de37981e6b720a137ea","dependency_wave"
"444","PC07","Attack ranges and results","Close each range with an audit result.","done","done","5","5","441;442","","","none","none","none","none","none","WOLF-ATTACK","none","605","7a7f37bcfe8d8e0d830c3de37981e6b720a137ea","dependency_wave"
"523a","PC07","Attack authority and targeting","Configure Wolf Attack difficulty.","done","done","1","1","522","","","none","none","none","none","none","none","none","605","7a7f37bcfe8d8e0d830c3de37981e6b720a137ea","dependency_wave"
"351","PC07","Local DRADIS and transit contacts","Show only arrived local ships on DRADIS.","done","done","5","5","433a","","","none","none","none","none","none","ATTACK-DRADIS","none","605","7a7f37bcfe8d8e0d830c3de37981e6b720a137ea","dependency_wave"
"353","PC07","Local DRADIS and transit contacts","Publish sampled transit contacts.","done","done","5","5","433a","","","none","none","none","none","none","ATTACK-DRADIS","none","605","7a7f37bcfe8d8e0d830c3de37981e6b720a137ea","dependency_wave"
"354","PC08","DRADIS and shuttle-airspace proof","Remove stale contacts.","done","done","6","6","433a","","","none","none","none","none","none","ATTACK-DRADIS","none","654","7a7f37bcfe8d8e0d830c3de37981e6b720a137ea","dependency_wave"
"355","PC08","DRADIS and shuttle-airspace proof","Fold docked shuttles into host contacts.","done","done","6","6","433a","","","none","none","none","none","none","ATTACK-DRADIS","none","654","7a7f37bcfe8d8e0d830c3de37981e6b720a137ea","dependency_wave"
"356","PC08","DRADIS and shuttle-airspace proof","Show undocked shuttle samples.","done","done","6","6","433a","","","none","none","none","none","none","ATTACK-DRADIS","none","654","7a7f37bcfe8d8e0d830c3de37981e6b720a137ea","dependency_wave"
"357","PC08","DRADIS and shuttle-airspace proof","Redact split-fleet contact metadata.","done","done","6","6","433a","","","none","none","none","none","none","ATTACK-DRADIS","none","654","7a7f37bcfe8d8e0d830c3de37981e6b720a137ea","dependency_wave"
"358","PC08","DRADIS and shuttle-airspace proof","Reflect attack parking on DRADIS.","done","done","6","6","433a","","","none","none","none","none","none","ATTACK-DRADIS","none","654","7a7f37bcfe8d8e0d830c3de37981e6b720a137ea","dependency_wave"
"359","PC08","DRADIS and shuttle-airspace proof","Merge contacts after rejoin.","done","done","6","6","433a","","","none","none","none","none","none","ATTACK-DRADIS","none","654","7a7f37bcfe8d8e0d830c3de37981e6b720a137ea","dependency_wave"
"360","PC08","DRADIS and shuttle-airspace proof","Deny direct DRADIS writes.","done","done","6","6","433a","","","none","none","none","none","none","ATTACK-DRADIS","none","654","7a7f37bcfe8d8e0d830c3de37981e6b720a137ea","dependency_wave"
"423","PC08","DRADIS and shuttle-airspace proof","Run the shuttle-airspace scenario.","done","done","6","6","361;367;371;373;352;353;368;377;156;380","","","none","none","none","none","none","none","none","654","7a7f37bcfe8d8e0d830c3de37981e6b720a137ea","dependency_wave"
"644","PC08","DRADIS and shuttle-airspace proof","Run a complete shuttle-airspace playthrough.","done","done","7","7","423","","","none","none","none","none","none","none","none","654","7a7f37bcfe8d8e0d830c3de37981e6b720a137ea","dependency_wave"
"605","PC08","DRADIS and shuttle-airspace proof","Make DRADIS responsive.","done","done","6","6","351","","","none","none","none","none","none","none","none","654","7a7f37bcfe8d8e0d830c3de37981e6b720a137ea","dependency_wave"
"231","PC08","Fighter state, launch and combat","Gate the Refinery Fighter Bay.","done","done","6","6","182;273","","","none","none","none","none","none","none","none","654","7a7f37bcfe8d8e0d830c3de37981e6b720a137ea","dependency_wave"
"389","PC08","Missiles, weapons and range actions","Resolve Highwall combat.","done","done","6","6","265;426;433;439;440","","","none","none","none","none","none","none","none","654","7a7f37bcfe8d8e0d830c3de37981e6b720a137ea","dependency_wave"
"396","PC08","Fighter state, launch and combat","Resolve Alpha and Bravo fighter state.","done","done","6","6","262;182","","","none","none","none","none","none","none","none","654","7a7f37bcfe8d8e0d830c3de37981e6b720a137ea","dependency_wave"
"397","PC08","Fighter state, launch and combat","Resolve Maliades state.","done","done","6","6","264;182;431;432a;433;433b","","","none","none","none","none","none","none","none","654","7a7f37bcfe8d8e0d830c3de37981e6b720a137ea","dependency_wave"
"398","PC08","Fighter state, launch and combat","Resolve the PDF Escort Wing state.","done","done","6","6","273;182","","","none","none","none","none","none","none","none","654","7a7f37bcfe8d8e0d830c3de37981e6b720a137ea","dependency_wave"
"443","PC08","Fighter state, launch and combat","Enforce Short Range fighter priority.","done","done","7","7","440;396","","","none","none","none","none","none","WOLF-ATTACK","none","654","7a7f37bcfe8d8e0d830c3de37981e6b720a137ea","dependency_wave"
"445","PC08","Missiles, weapons and range actions","Resolve AEGIS Missile Launchers at Long Range.","done","done","6","6","441;182","","","none","none","none","none","none","WOLF-ATTACK","none","654","7a7f37bcfe8d8e0d830c3de37981e6b720a137ea","dependency_wave"
"446","PC08","Missiles, weapons and range actions","Spend ore on enriched warheads.","done","done","7","7","445","","","none","none","none","none","none","WOLF-ATTACK","none","654","7a7f37bcfe8d8e0d830c3de37981e6b720a137ea","dependency_wave"
"447","PC08","Missiles, weapons and range actions","Resolve AEGIS Missile Launchers at Medium Range.","done","done","6","6","441;182","","","none","none","none","none","none","WOLF-ATTACK","none","654","7a7f37bcfe8d8e0d830c3de37981e6b720a137ea","dependency_wave"
"448","PC08","Missiles, weapons and range actions","Resolve AEGIS Point Defence.","done","done","6","6","441;182","","","none","none","none","none","none","WOLF-ATTACK","none","654","7a7f37bcfe8d8e0d830c3de37981e6b720a137ea","dependency_wave"
"449","PC08","Fighter state, launch and combat","Authorize Fighter Bay launches.","done","done","8","8","443;396","","","none","none","none","none","none","WOLF-ATTACK","none","654","7a7f37bcfe8d8e0d830c3de37981e6b720a137ea","dependency_wave"
"450","PC08","Fighter state, launch and combat","Shift targets with fleet fighters.","done","done","9","9","449","","","none","none","none","none","none","WOLF-ATTACK","none","654","7a7f37bcfe8d8e0d830c3de37981e6b720a137ea","dependency_wave"
"451","PC08","Fighter state, launch and combat","Attack at Medium Range with fleet fighters.","done","done","9","9","449","","","none","none","none","none","none","WOLF-ATTACK","none","654","7a7f37bcfe8d8e0d830c3de37981e6b720a137ea","dependency_wave"
"452","PC08","Fighter state, launch and combat","Attack at Short Range with fleet fighters.","done","done","9","9","449","","","none","none","none","none","none","WOLF-ATTACK","none","654","7a7f37bcfe8d8e0d830c3de37981e6b720a137ea","dependency_wave"
"453","PC08","Fighter state, launch and combat","Resolve Maliades at range.","done","done","7","7","264;397;431;432a;433;433b","","","none","none","none","none","none","WOLF-ATTACK","none","654","7a7f37bcfe8d8e0d830c3de37981e6b720a137ea","dependency_wave"
"454","PC08","Missiles, weapons and range actions","Resolve Highwall at range.","done","done","6","6","265","","","none","none","none","none","none","WOLF-ATTACK","none","654","7a7f37bcfe8d8e0d830c3de37981e6b720a137ea","dependency_wave"
"455","PC08","Missiles, weapons and range actions","Resolve the Gorgoneion Missile Array.","done","done","6","6","239;441","","","none","none","none","none","none","WOLF-ATTACK","none","654","7a7f37bcfe8d8e0d830c3de37981e6b720a137ea","dependency_wave"
"456","PC08","Fighter state, launch and combat","Launch the PDF Fighter Wing.","done","done","9","9","273;449","","","none","none","none","none","none","WOLF-ATTACK","none","654","7a7f37bcfe8d8e0d830c3de37981e6b720a137ea","dependency_wave"
"457","PC08","Fighter state, launch and combat","Resolve PDF fighters at Medium Range.","done","done","10","10","456","","","none","none","none","none","none","WOLF-ATTACK","none","654","7a7f37bcfe8d8e0d830c3de37981e6b720a137ea","dependency_wave"
"458","PC08","Fighter state, launch and combat","Resolve PDF fighters at Short Range.","done","done","10","10","456","","","none","none","none","none","none","WOLF-ATTACK","none","654","7a7f37bcfe8d8e0d830c3de37981e6b720a137ea","dependency_wave"
"459","PC08","Missiles, weapons and range actions","Resolve Boa's range actions.","done","done","6","6","400;441","","","none","none","none","none","none","WOLF-ATTACK","none","654","7a7f37bcfe8d8e0d830c3de37981e6b720a137ea","dependency_wave"
"461","PC08","Boarding support, defence and damage","Relocate Pallas or Chepu before boarding.","done","done","6","6","261;272;363","","","none","none","none","none","none","WOLF-ATTACK","none","654","7a7f37bcfe8d8e0d830c3de37981e6b720a137ea","dependency_wave"
"462","PC08","Boarding support, defence and damage","Apply engineering/service shuttle support.","done","done","6","6","361;386","","","none","none","none","none","none","WOLF-ATTACK","none","654","7a7f37bcfe8d8e0d830c3de37981e6b720a137ea","dependency_wave"
"465","PC08","Boarding support, defence and damage","Drop Assault Transport parties.","done","done","6","6","426;428","","","none","none","none","none","none","WOLF-ATTACK","none","654","7a7f37bcfe8d8e0d830c3de37981e6b720a137ea","dependency_wave"
"466","PC08","Boarding support, defence and damage","Roll security-team defence.","done","done","7","7","378;465","","","none","none","none","none","none","WOLF-ATTACK","none","654","7a7f37bcfe8d8e0d830c3de37981e6b720a137ea","dependency_wave"
"394","PC08","Boarding support, defence and damage","Resolve Pallas boarding support.","done","done","8","8","261;466","","","none","none","none","none","none","none","none","654","7a7f37bcfe8d8e0d830c3de37981e6b720a137ea","dependency_wave"
"395","PC08","Boarding support, defence and damage","Resolve Chepu boarding support.","done","done","8","8","272;466","","","none","none","none","none","none","none","none","654","7a7f37bcfe8d8e0d830c3de37981e6b720a137ea","dependency_wave"
"460","PC08","Boarding support, defence and damage","Apply Macaw boarding support.","done","done","8","8","399;466","","","none","none","none","none","none","WOLF-ATTACK","none","654","7a7f37bcfe8d8e0d830c3de37981e6b720a137ea","dependency_wave"
"463","PC08","Boarding support, defence and damage","Apply AEGIS and Pallas boarding rerolls.","done","done","9","9","394;395;428","","","none","none","none","none","none","WOLF-ATTACK","none","654","7a7f37bcfe8d8e0d830c3de37981e6b720a137ea","dependency_wave"
"464","PC08","Boarding support, defence and damage","Apply Wolf Commander boarding leadership.","done","done","8","8","435;466","","","none","none","none","none","none","WOLF-ATTACK","none","654","7a7f37bcfe8d8e0d830c3de37981e6b720a137ea","dependency_wave"
"467","PC08","Boarding support, defence and damage","Apply surviving-boarder damage.","done","done","8","8","466","","","none","none","none","none","none","WOLF-ATTACK","none","654","7a7f37bcfe8d8e0d830c3de37981e6b720a137ea","dependency_wave"
"468","PC08","Boarding support, defence and damage","Resolve Militia Leader defence.","done","done","8","8","466;280","","","none","none","none","none","none","WOLF-ATTACK","none","654","7a7f37bcfe8d8e0d830c3de37981e6b720a137ea","dependency_wave"
"469","PC08","Wolf craft destruction and carryover","Resolve Wolf Fighter Wing destruction.","done","done","6","6","442","","","none","none","none","none","none","WOLF-ATTACK","none","654","7a7f37bcfe8d8e0d830c3de37981e6b720a137ea","dependency_wave"
"469a","PC08","Wolf craft destruction and carryover","Resolve Assault Transport destruction.","done","done","6","6","442","","","none","none","none","none","none","none","none","654","7a7f37bcfe8d8e0d830c3de37981e6b720a137ea","dependency_wave"
"469b","PC08","Wolf craft destruction and carryover","Resolve Wolf Destroyer destruction.","done","done","6","6","442","","","none","none","none","none","none","none","none","654","7a7f37bcfe8d8e0d830c3de37981e6b720a137ea","dependency_wave"
"469c","PC08","Wolf craft destruction and carryover","Resolve Wolf Cruiser destruction.","done","done","6","6","442","","","none","none","none","none","none","none","none","654","7a7f37bcfe8d8e0d830c3de37981e6b720a137ea","dependency_wave"
"469d","PC08","Wolf craft destruction and carryover","Resolve Strikecarrier destruction.","done","done","6","6","442","","","none","none","none","none","none","none","none","654","7a7f37bcfe8d8e0d830c3de37981e6b720a137ea","dependency_wave"
"469e","PC08","Wolf craft destruction and carryover","Resolve Battlestation destruction.","done","done","6","6","442","","","none","none","none","none","none","none","none","654","7a7f37bcfe8d8e0d830c3de37981e6b720a137ea","dependency_wave"
"470","PC08","Wolf craft destruction and carryover","Carry surviving Wolf Fighter Wings forward.","done","done","7","7","469","","","none","none","none","none","none","WOLF-ATTACK","none","654","7a7f37bcfe8d8e0d830c3de37981e6b720a137ea","dependency_wave"
"471","PC09","Battle results and attack presentation","Enforce Battlestation Short Range immunity.","missing","ready","11","11","469e;442","","","none","none","none","none","none","WOLF-ATTACK","none","703","7a7f37bcfe8d8e0d830c3de37981e6b720a137ea","dependency_wave"
"472","PC09","Battle results and attack presentation","Apply Strikecarrier wing bonus.","missing","ready","11","11","469d;470","","","none","none","none","none","none","WOLF-ATTACK","none","703","7a7f37bcfe8d8e0d830c3de37981e6b720a137ea","dependency_wave"
"473","PC09","Battle results and attack presentation","Apply surviving Wolf ship damage.","missing","ready","11","11","469;130","","","none","none","none","none","none","WOLF-ATTACK","none","703","7a7f37bcfe8d8e0d830c3de37981e6b720a137ea","dependency_wave"
"580","PC09","Battle results and attack presentation","Resolve Boa combat ambiguity.","missing","ready","11","11","459;578","","","none","none","none","none","none","none","none","703","7a7f37bcfe8d8e0d830c3de37981e6b720a137ea","dependency_wave"
"605a","PC09","Battle results and attack presentation","Visualize Wolf attacks on DRADIS.","missing","ready","11","11","433a","","","none","none","none","none","none","ATTACK-DRADIS","none","703","7a7f37bcfe8d8e0d830c3de37981e6b720a137ea","dependency_wave"
"474","PC09","Battle results and attack presentation","Publish the immediate attack result.","missing","blocked","12","12","444;473;447;450;457","473","","none","none","none","none","none","WOLF-ATTACK","none","703","7a7f37bcfe8d8e0d830c3de37981e6b720a137ea","dependency_wave"
"475","PC09","Battle results and attack presentation","Reuse the common damage draw path.","missing","ready","11","11","130","","","none","none","none","none","none","WOLF-ATTACK","none","703","7a7f37bcfe8d8e0d830c3de37981e6b720a137ea","dependency_wave"
"476","PC09","Battle results and attack presentation","Destroy a ship on combat deck exhaustion.","missing","blocked","12","12","475","475","","none","none","none","none","none","WOLF-ATTACK","none","703","7a7f37bcfe8d8e0d830c3de37981e6b720a137ea","dependency_wave"
"477","PC09","Casualties, salvage, repair and aftermath","Apply combat casualties.","missing","ready","11","11","466;467","","","none","none","none","none","none","WOLF-ATTACK","none","703","7a7f37bcfe8d8e0d830c3de37981e6b720a137ea","dependency_wave"
"478","PC09","Casualties, salvage, repair and aftermath","Apply Doctor casualty mitigation.","missing","blocked","12","12","477;280","477","","none","none","none","none","none","WOLF-ATTACK","none","703","7a7f37bcfe8d8e0d830c3de37981e6b720a137ea","dependency_wave"
"479","PC09","Casualties, salvage, repair and aftermath","Resolve Warrior post-attack salvage.","missing","blocked","12","12","242;477","477","","none","none","none","none","none","WOLF-ATTACK","none","703","7a7f37bcfe8d8e0d830c3de37981e6b720a137ea","dependency_wave"
"480","PC09","Casualties, salvage, repair and aftermath","Resolve Capybara post-attack Scrap.","missing","blocked","12","12","253;477","477","","none","none","none","none","none","WOLF-ATTACK","none","703","7a7f37bcfe8d8e0d830c3de37981e6b720a137ea","dependency_wave"
"481","PC09","Casualties, salvage, repair and aftermath","Collect Scrap with Macaw or Boa.","missing","blocked","13","13","399;400;480","480","","none","none","none","none","none","WOLF-ATTACK","none","703","7a7f37bcfe8d8e0d830c3de37981e6b720a137ea","dependency_wave"
"482","PC09","Casualties, salvage, repair and aftermath","Resolve post-attack repairs.","missing","blocked","12","12","475","475","","none","none","none","none","none","WOLF-ATTACK","none","703","7a7f37bcfe8d8e0d830c3de37981e6b720a137ea","dependency_wave"
"483","PC09","Casualties, salvage, repair and aftermath","Rebuild fighters after combat.","missing","ready","11","11","178;469;396;452","","","none","none","none","none","none","none","none","703","7a7f37bcfe8d8e0d830c3de37981e6b720a137ea","dependency_wave"
"484","PC09","Casualties, salvage, repair and aftermath","Publish the complete aftermath.","missing","blocked","13","13","474;477;482;398;483","474;477;482;483","","none","none","none","none","none","WOLF-ATTACK","none","703","7a7f37bcfe8d8e0d830c3de37981e6b720a137ea","dependency_wave"
"490","PC09","Wolf threats, dial and attack recovery","Preserve independent split-group threat.","missing","ready","11","11","485;307","","","none","none","none","none","none","ATTACK-PRESSURE","none","703","7a7f37bcfe8d8e0d830c3de37981e6b720a137ea","dependency_wave"
"491","PC09","Wolf threats, dial and attack recovery","Trigger Active Wolf Outpost attacks.","missing","ready","11","11","312","","","none","none","none","none","none","ATTACK-PRESSURE","none","703","7a7f37bcfe8d8e0d830c3de37981e6b720a137ea","dependency_wave"
"492","PC09","Wolf threats, dial and attack recovery","Trigger Active Wolf Fortress attacks.","missing","ready","11","11","312;448;469e;470","","","none","none","none","none","none","ATTACK-PRESSURE","none","703","7a7f37bcfe8d8e0d830c3de37981e6b720a137ea","dependency_wave"
"493","PC09","Wolf threats, dial and attack recovery","Trigger Ancient Space Station attacks.","missing","ready","11","11","312;448;469e;470","","","none","none","none","none","none","ATTACK-PRESSURE","none","703","7a7f37bcfe8d8e0d830c3de37981e6b720a137ea","dependency_wave"
"494","PC09","Wolf threats, dial and attack recovery","Resolve the Wolf Commander attack dial.","missing","ready","11","11","425;435","","","none","none","none","none","none","ATTACK-PRESSURE","none","703","7a7f37bcfe8d8e0d830c3de37981e6b720a137ea","dependency_wave"
"621","PC09","Wolf threats, dial and attack recovery","Recover during a Wolf attack.","missing","ready","11","11","433;434;612;398;448;453;457;459;466;470","","","none","none","none","none","none","WOLF-ATTACK","none","703","7a7f37bcfe8d8e0d830c3de37981e6b720a137ea","dependency_wave"
"214","PC09","Investigation, arrest and specialists","Build and use the Wolf Agent Detector.","partial","ready","11","11","211","","","none","none","none","none","none","none","none","703","7a7f37bcfe8d8e0d830c3de37981e6b720a137ea","dependency_wave"
"503a","PC09","Investigation, arrest and specialists","Trigger hacking overlays after committed sabotage.","partial","ready","11","11","497;498","","","none","none","none","none","none","none","none","703","7a7f37bcfe8d8e0d830c3de37981e6b720a137ea","dependency_wave"
"506","PC09","Investigation, arrest and specialists","Prove investigation randomness ownership.","missing","ready","11","11","505;428","","","none","none","none","none","none","none","none","703","7a7f37bcfe8d8e0d830c3de37981e6b720a137ea","dependency_wave"
"508","PC09","Investigation, arrest and specialists","Test with the Wolf Agent Detector.","missing","blocked","12","12","214;506","214;506","","none","none","none","none","none","none","none","703","7a7f37bcfe8d8e0d830c3de37981e6b720a137ea","dependency_wave"
"513","PC09","Investigation, arrest and specialists","Calculate arrest posse size privately.","partial","ready","11","11","497","","","none","none","none","none","none","none","none","703","7a7f37bcfe8d8e0d830c3de37981e6b720a137ea","dependency_wave"
"514","PC09","Investigation, arrest and specialists","Resolve arrest and its deadline.","missing","blocked","12","12","513;098","513","","none","none","none","none","none","none","none","703","7a7f37bcfe8d8e0d830c3de37981e6b720a137ea","dependency_wave"
"516","PC09","Investigation, arrest and specialists","Activate the Comms Officer.","missing","ready","11","11","515;326","","","none","none","none","none","none","none","none","703","7a7f37bcfe8d8e0d830c3de37981e6b720a137ea","dependency_wave"
"517","PC09","Investigation, arrest and specialists","Activate the VIP Host.","missing","ready","11","11","515;190","","","none","none","none","none","none","none","none","703","7a7f37bcfe8d8e0d830c3de37981e6b720a137ea","dependency_wave"
"519","PC09","Investigation, arrest and specialists","Activate the Militia Leader.","missing","ready","11","11","515;468","","","none","none","none","none","none","none","none","703","7a7f37bcfe8d8e0d830c3de37981e6b720a137ea","dependency_wave"
"520","PC09","Investigation, arrest and specialists","Activate the PDF Fighter Ace.","missing","ready","11","11","515;456","","","none","none","none","none","none","none","none","703","7a7f37bcfe8d8e0d830c3de37981e6b720a137ea","dependency_wave"
"521","PC09","Investigation, arrest and specialists","Complete Wolf Commander powers.","missing","blocked","12","12","515;494","494","","none","none","none","none","none","none","none","703","7a7f37bcfe8d8e0d830c3de37981e6b720a137ea","dependency_wave"
"521a","PC09","Investigation, arrest and specialists","Resolve the Wolf Commander address.","missing","blocked","13","13","521","521","","none","none","none","none","none","none","none","703","7a7f37bcfe8d8e0d830c3de37981e6b720a137ea","dependency_wave"
"521b","PC09","Investigation, arrest and specialists","Resolve Wolf Commander amnesty.","missing","blocked","14","14","521a","521a","","none","none","none","none","none","none","none","703","7a7f37bcfe8d8e0d830c3de37981e6b720a137ea","dependency_wave"
"524","PC09","Investigation, arrest and specialists","Run the complete Wolf-and-deduction scenario.","missing","ready","11","11","485;497;522","","","none","none","none","none","none","none","none","703","7a7f37bcfe8d8e0d830c3de37981e6b720a137ea","dependency_wave"
"645","PC09","Investigation, arrest and specialists","Run a complete Wolf attack playthrough.","missing","blocked","14","14","524;484;621","524;484;621","","none","none","none","none","none","WOLF-ATTACK","492;493","703","7a7f37bcfe8d8e0d830c3de37981e6b720a137ea","dependency_wave"
"523b","PC09","President, elections and crises","Configure Crisis difficulty.","missing","ready","11","11","522","","","none","none","none","none","none","none","none","703","7a7f37bcfe8d8e0d830c3de37981e6b720a137ea","dependency_wave"
"523c","PC09","President, elections and crises","Configure emergency-jump severity.","missing","ready","11","11","522","","","none","none","none","none","none","none","none","703","7a7f37bcfe8d8e0d830c3de37981e6b720a137ea","dependency_wave"
"524b","PC09","President, elections and crises","Resolve the President's address.","missing","ready","11","11","524a","","","none","none","none","none","none","none","none","703","7a7f37bcfe8d8e0d830c3de37981e6b720a137ea","dependency_wave"
"524c","PC09","President, elections and crises","Resolve a presidential visit.","missing","blocked","12","12","524b","524b","","none","none","none","none","none","none","none","703","7a7f37bcfe8d8e0d830c3de37981e6b720a137ea","dependency_wave"
"524d","PC09","President, elections and crises","Enforce presidential authority boundaries.","missing","blocked","13","13","524c;044","524c","","none","none","none","none","none","none","none","703","7a7f37bcfe8d8e0d830c3de37981e6b720a137ea","dependency_wave"
"528","PC09","President, elections and crises","Resolve Approaching Vessel choices.","missing","ready","11","11","527","","","none","none","none","none","none","none","none","703","7a7f37bcfe8d8e0d830c3de37981e6b720a137ea","dependency_wave"
"529","PC09","President, elections and crises","Integrate Voyage 33-0 arrival.","partial","ready","11","11","249;250;251;527","","","none","none","none","none","none","none","none","703","7a7f37bcfe8d8e0d830c3de37981e6b720a137ea","dependency_wave"
"537","PC09","President, elections and crises","Configure election procedure.","missing","ready","11","11","536","","","none","none","none","none","none","none","none","703","7a7f37bcfe8d8e0d830c3de37981e6b720a137ea","dependency_wave"
"538","PC09","President, elections and crises","Resolve the election privately.","missing","blocked","12","12","537","537","","none","none","none","none","none","none","none","703","7a7f37bcfe8d8e0d830c3de37981e6b720a137ea","dependency_wave"
"539","PC09","President, elections and crises","Announce binding resolutions at Team start.","missing","blocked","13","13","538;101","538","","none","none","none","none","none","none","none","703","7a7f37bcfe8d8e0d830c3de37981e6b720a137ea","dependency_wave"
"540","PC09","President, elections and crises","Run the full crisis scenario.","missing","blocked","13","13","525;528;531;533;535;538","528;538","","none","none","none","none","none","none","none","703","7a7f37bcfe8d8e0d830c3de37981e6b720a137ea","dependency_wave"
"180","PC09","Investigation, arrest and specialists","Create the Executive Officer workspace.","missing","ready","11","11","166;171;182;261;377;394;436;445;446;447;448;449;461;463","","","none","none","none","none","none","none","none","703","7a7f37bcfe8d8e0d830c3de37981e6b720a137ea","dependency_wave"
"181","PC10","Specialist workspaces","Create the Wing Commander workspace.","missing","ready","15","15","166;178;260;262;321;322;323;328;392;396;422;449;450;451;452","","","none","none","none","none","none","none","none","751","7a7f37bcfe8d8e0d830c3de37981e6b720a137ea","dependency_wave"
"215b","PC10","Specialist workspaces","Complete the Scientist workspace.","missing","blocked","15","15","166;204;211;212;213;214;267;321;325;328;391;401;410;422;508","214;508","","none","none","none","none","none","none","none","751","7a7f37bcfe8d8e0d830c3de37981e6b720a137ea","dependency_wave"
"223b","PC10","Specialist workspaces","Complete the Explorer workspace.","missing","ready","15","15","166;216;269;321;324;328;365;366;367;390;393;401;410;422","","","none","none","none","none","none","none","none","751","7a7f37bcfe8d8e0d830c3de37981e6b720a137ea","dependency_wave"
"233b","PC10","Specialist workspaces","Complete the PDF Colonel workspace.","missing","ready","15","15","166;224;231;272;273;340;395;398;401;410;422","","","none","none","none","none","none","none","none","751","7a7f37bcfe8d8e0d830c3de37981e6b720a137ea","dependency_wave"
"576","PC10","Capybara integration and full proof","Resolve Macaw salvage dismantling.","missing","ready","15","15","385;575","","","none","none","none","none","none","none","none","751","7a7f37bcfe8d8e0d830c3de37981e6b720a137ea","dependency_wave"
"579","PC10","Capybara integration and full proof","Resolve Boa reclamation.","missing","ready","15","15","401;578","","","none","none","none","none","none","none","none","751","7a7f37bcfe8d8e0d830c3de37981e6b720a137ea","dependency_wave"
"581","PC10","Capybara integration and full proof","Create post-damage Scrap pickups.","missing","blocked","15","15","573;577;480","480","","none","none","none","none","none","none","none","751","7a7f37bcfe8d8e0d830c3de37981e6b720a137ea","dependency_wave"
"584","PC10","Capybara integration and full proof","Run the Capybara vertical scenario.","missing","blocked","15","15","567;571;577;580","580","","none","none","none","none","none","none","none","751","7a7f37bcfe8d8e0d830c3de37981e6b720a137ea","dependency_wave"
"585","PC10","Capybara integration and full proof","Run the base/expansion isolation scenario.","missing","blocked","16","16","567;584","584","","none","none","none","none","none","none","none","751","7a7f37bcfe8d8e0d830c3de37981e6b720a137ea","dependency_wave"
"541","PC10","Candidate discovery and Ancient Ring","Reveal a New Eden candidate.","partial","ready","15","15","318;525","","","none","none","none","none","none","none","none","751","7a7f37bcfe8d8e0d830c3de37981e6b720a137ea","dependency_wave"
"542","PC10","Candidate discovery and Ancient Ring","Make candidate discovery retry-safe.","missing","blocked","16","16","541","541","","none","none","none","none","none","none","none","751","7a7f37bcfe8d8e0d830c3de37981e6b720a137ea","dependency_wave"
"543","PC10","Candidate discovery and Ancient Ring","Track candidate plans by Cycle 6.","missing","blocked","16","16","541;319","541","","none","none","none","none","none","none","none","751","7a7f37bcfe8d8e0d830c3de37981e6b720a137ea","dependency_wave"
"544","PC10","Candidate discovery and Ancient Ring","Validate Ancient Jump Ring prerequisites.","missing","blocked","16","16","541","541","","none","none","none","none","none","none","none","751","7a7f37bcfe8d8e0d830c3de37981e6b720a137ea","dependency_wave"
"545","PC10","Candidate discovery and Ancient Ring","Repair the Ancient Jump Ring.","missing","blocked","17","17","544;211;361;111","544","","none","none","none","none","none","none","none","751","7a7f37bcfe8d8e0d830c3de37981e6b720a137ea","dependency_wave"
"546","PC10","Candidate discovery and Ancient Ring","Prevent duplicate Ring contributions.","missing","blocked","18","18","545","545","","none","none","none","none","none","none","none","751","7a7f37bcfe8d8e0d830c3de37981e6b720a137ea","dependency_wave"
"547","PC10","Candidate discovery and Ancient Ring","Fuel each Ring passage.","missing","blocked","18","18","545;111","545","","none","none","none","none","none","none","none","751","7a7f37bcfe8d8e0d830c3de37981e6b720a137ea","dependency_wave"
"548","PC10","Candidate discovery and Ancient Ring","Resolve Ring passage.","missing","blocked","19","19","546;547","546;547","","none","none","none","none","none","none","none","751","7a7f37bcfe8d8e0d830c3de37981e6b720a137ea","dependency_wave"
"549","PC10","Candidate discovery and Ancient Ring","Record blocked Wolf pursuit through the Ring.","missing","blocked","20","20","548;485","548","","none","none","none","none","none","none","none","751","7a7f37bcfe8d8e0d830c3de37981e6b720a137ea","dependency_wave"
"593","PC10","Candidate discovery and Ancient Ring","Show candidate preparation help.","missing","blocked","16","16","541","541","","none","none","none","none","none","none","none","751","7a7f37bcfe8d8e0d830c3de37981e6b720a137ea","dependency_wave"
"619","PC10","Candidate discovery and Ancient Ring","Make candidate retries survive reconnect.","missing","blocked","17","17","542;612","542","","none","none","none","none","none","none","none","751","7a7f37bcfe8d8e0d830c3de37981e6b720a137ea","dependency_wave"
"550","PC10","Deep Nebula outcomes and proof","Accumulate Deep Nebula scouting.","missing","ready","15","15","328;332","","","none","none","none","none","none","none","none","751","7a7f37bcfe8d8e0d830c3de37981e6b720a137ea","dependency_wave"
"551","PC10","Deep Nebula outcomes and proof","Attempt a Deep Nebula jump.","missing","blocked","16","16","550;287;288;289;290;291;292;293;294;295;296;297;298;299;300;301;302;303;304","550","","none","none","none","none","none","none","none","751","7a7f37bcfe8d8e0d830c3de37981e6b720a137ea","dependency_wave"
"552","PC10","Deep Nebula outcomes and proof","Lose a ship in the Deep Nebula.","missing","blocked","17","17","551;140d","551","","none","none","none","none","none","none","none","751","7a7f37bcfe8d8e0d830c3de37981e6b720a137ea","dependency_wave"
"553","PC10","Deep Nebula outcomes and proof","Reach the Deep Nebula threshold.","missing","blocked","18","18","551;552","551;552","","none","none","none","none","none","none","none","751","7a7f37bcfe8d8e0d830c3de37981e6b720a137ea","dependency_wave"
"554","PC10","Deep Nebula outcomes and proof","Prevent repeat Nebula attempts.","missing","blocked","19","19","551;553","551;553","","none","none","none","none","none","none","none","751","7a7f37bcfe8d8e0d830c3de37981e6b720a137ea","dependency_wave"
"555","PC10","Ancient Station outcomes and proof","Trigger Ancient Space Station arrival combat.","missing","blocked","15","15","493;432","493","","none","none","none","none","none","none","none","751","7a7f37bcfe8d8e0d830c3de37981e6b720a137ea","dependency_wave"
"556","PC10","Ancient Station outcomes and proof","Repeat Station combat while Wolves survive.","missing","blocked","16","16","555","555","","none","none","none","none","none","none","none","751","7a7f37bcfe8d8e0d830c3de37981e6b720a137ea","dependency_wave"
"557","PC10","Ancient Station outcomes and proof","Liberate the Ancient Space Station.","missing","blocked","17","17","556","556","","none","none","none","none","none","none","none","751","7a7f37bcfe8d8e0d830c3de37981e6b720a137ea","dependency_wave"
"558","PC10","Ancient Station outcomes and proof","Validate Station Reactor contributions.","missing","blocked","18","18","557","557","","none","none","none","none","none","none","none","751","7a7f37bcfe8d8e0d830c3de37981e6b720a137ea","dependency_wave"
"559","PC10","Ancient Station outcomes and proof","Power New Eden Station.","missing","blocked","19","19","558","558","","none","none","none","none","none","none","none","751","7a7f37bcfe8d8e0d830c3de37981e6b720a137ea","dependency_wave"
"563","PC10","Endings, debrief and terminal recovery","Explain candidate results.","missing","blocked","16","16","562;541","541","","none","none","none","none","none","none","none","751","7a7f37bcfe8d8e0d830c3de37981e6b720a137ea","dependency_wave"
"564","PC10","Endings, debrief and terminal recovery","Enter debrief once.","missing","blocked","17","17","563","563","","none","none","none","none","none","none","none","751","7a7f37bcfe8d8e0d830c3de37981e6b720a137ea","dependency_wave"
"565","PC10","Endings, debrief and terminal recovery","Close the session authoritatively.","missing","blocked","18","18","560;564","564","","none","none","none","none","none","none","none","751","7a7f37bcfe8d8e0d830c3de37981e6b720a137ea","dependency_wave"
"566","PC10","Endings, debrief and terminal recovery","Read debrief after closure.","missing","blocked","19","19","565","565","","none","none","none","none","none","none","none","751","7a7f37bcfe8d8e0d830c3de37981e6b720a137ea","dependency_wave"
"647","PC10","Candidate discovery and Ancient Ring","Prove Ancient Jump Ring success.","missing","blocked","20","20","548;559","548;559","","none","none","none","none","none","none","none","751","7a7f37bcfe8d8e0d830c3de37981e6b720a137ea","dependency_wave"
"648","PC10","Deep Nebula outcomes and proof","Prove Deep Nebula success and loss.","missing","blocked","20","20","554","554","","none","none","none","none","none","none","none","751","7a7f37bcfe8d8e0d830c3de37981e6b720a137ea","dependency_wave"
"649","PC10","Ancient Station outcomes and proof","Prove Ancient Space Station success.","missing","blocked","20","20","559","559","","none","none","none","none","none","none","none","751","7a7f37bcfe8d8e0d830c3de37981e6b720a137ea","dependency_wave"
"650","PC10","Endings, debrief and terminal recovery","Prove authoritative terminal failure and recovery paths.","missing","blocked","19","19","560;565;621;622;140c;136;514","565;621;514","","none","none","none","none","none","none","none","751","7a7f37bcfe8d8e0d830c3de37981e6b720a137ea","dependency_wave"
"618","PC10","Cross-path recovery and final audit","Reconnect every live projection.","partial","ready","15","15","084;085;086;612","","","none","none","none","none","none","none","none","751","7a7f37bcfe8d8e0d830c3de37981e6b720a137ea","dependency_wave"
"620","PC10","Cross-path recovery and final audit","Recover from stale revisions.","partial","ready","15","15","014;088","","","none","none","none","none","none","none","none","751","7a7f37bcfe8d8e0d830c3de37981e6b720a137ea","dependency_wave"
"629","PC10","Cross-path recovery and final audit","Protect private projections comprehensively.","partial","ready","15","15","","","","none","none","none","none","none","none","none","751","7a7f37bcfe8d8e0d830c3de37981e6b720a137ea","dependency_wave"
"630","PC10","Cross-path recovery and final audit","Prove server-owned randomness.","missing","ready","15","15","007;019;428","","","none","none","none","none","none","none","none","751","7a7f37bcfe8d8e0d830c3de37981e6b720a137ea","dependency_wave"
"631","PC10","Cross-path recovery and final audit","Rate-limit expensive callables.","partial","ready","15","15","","","","none","none","none","none","none","none","none","751","7a7f37bcfe8d8e0d830c3de37981e6b720a137ea","dependency_wave"
"634","PC10","Cross-path recovery and final audit","Record security denials privately.","missing","blocked","16","16","019;630","630","","none","none","none","none","none","none","none","751","7a7f37bcfe8d8e0d830c3de37981e6b720a137ea","dependency_wave"
"635","PC10","Cross-path recovery and final audit","Standardize action audit records.","partial","ready","15","15","007;019;167","","","none","none","none","none","none","none","none","751","7a7f37bcfe8d8e0d830c3de37981e6b720a137ea","dependency_wave"
"641","PC10","Cross-path recovery and final audit","Run a complete base-game playthrough.","missing","blocked","15","15","159;320;422;524;540","524;540","","none","none","none","none","none","none","none","751","7a7f37bcfe8d8e0d830c3de37981e6b720a137ea","dependency_wave"
"642","PC10","Capybara integration and full proof","Run a complete Capybara playthrough.","missing","blocked","16","16","584","584","","none","none","none","none","none","none","none","751","7a7f37bcfe8d8e0d830c3de37981e6b720a137ea","dependency_wave"
"651","PC10","Cross-path recovery and final audit","Run the final release-readiness audit.","missing","blocked","21","21","641;642;643;644;645;646;647;648;649;650","641;642;645;647;648;649;650","","none","none","none","none","none","none","none","751","7a7f37bcfe8d8e0d830c3de37981e6b720a137ea","dependency_wave"
